Berapa lama anda telah bermain game?,Berapa lama anda bermain game dalam sehari?,Jenis game apa yang anda mainkan?,Perangkat apa yang biasa anda gunakan untuk bermain game?,jumlah1,Apakah anda lebih memilih untuk belajar atau bermain game?,Apakah lebih mudah untuk menghafal pelajaran atau menghafal item / skill pada game?,jumlah2,Apakah anda merasa game dapat membantu meningkatkan daya ingat anda?,Apakah anda merasa game dapat membantu meningkatkan penalaran anda?,Apakah Anda merasa permainan yang memerlukan keterampilan taktik dan strategi membantu meningkatkan kemampuan Anda dalam mengambil keputusan?,Apakah Anda merasa stres atau cemas ketika tidak bermain game dalam waktu yang lama?,Bagaimana Anda menilai dampak bermain game pada kesehatan mental Anda?,Bagaimana Anda menilai dampak bermain game pada kesehatan fisik Anda?,"Apakah Anda mengalami sakit kepala, mata lelah, atau masalah kesehatan lainnya saat bermain game dalam waktu yang lama?",Apakah Anda merasa bermain game membuat Anda kurang tertarik pada aktivitas atau hobi lainnya?,jumlah3,Berapa lama anda telah bermain game?,Berapa lama anda bermain game dalam sehari?,Jenis game apa yang anda mainkan?,Perangkat apa yang biasa anda gunakan untuk bermain game?,jumlah4,Apakah anda lebih memilih untuk belajar atau bermain game?,Apakah lebih mudah untuk menghafal pelajaran atau menghafal item / skill pada game?,jumlah5,Apakah anda merasa game dapat membantu meningkatkan daya ingat anda?,Apakah anda merasa game dapat membantu meningkatkan penalaran anda?,Apakah Anda merasa permainan yang memerlukan keterampilan taktik dan strategi membantu meningkatkan kemampuan Anda dalam mengambil keputusan?,Apakah Anda merasa stres atau cemas ketika tidak bermain game dalam waktu yang lama?,Bagaimana Anda menilai dampak bermain game pada kesehatan mental Anda?,Bagaimana Anda menilai dampak bermain game pada kesehatan fisik Anda?,"Apakah Anda mengalami sakit kepala, mata lelah, atau masalah kesehatan lainnya saat bermain game dalam waktu yang lama?",Apakah Anda merasa bermain game membuat Anda kurang tertarik pada aktivitas atau hobi lainnya?,jumlah6
3,4,1,3,11,2,1,3,1,2,2,1,3,1,2,1,13,2.946,3.482,1,2.506,9.934,2.21,1,3.21,1,1.991,2.721,1,2.493,1,2.604,1,13.811
3,4,1,3,11,2,2,4,2,2,2,3,4,1,2,2,18,2.946,3.482,1,2.506,9.934,2.21,2.616,4.826,2.011,1.991,2.721,2.888,3.606,1,2.604,2.616,19.438
3,4,1,1,9,2,2,4,3,3,2,1,1,1,2,1,14,2.946,3.482,1,1,8.428,2.21,2.616,4.826,3.165,3.221,2.721,1,1,1,2.604,1,15.712
3,4,1,1,9,2,2,4,3,3,2,1,1,1,2,2,15,2.946,3.482,1,1,8.428,2.21,2.616,4.826,3.165,3.221,2.721,1,1,1,2.604,2.616,17.328
3,3,2,3,11,3,2,5,3,3,2,1,4,3,2,1,19,2.946,2.622,2.124,2.506,10.198,3.421,2.616,6.036,3.165,3.221,2.721,1,3.606,2.678,2.604,1,19.996
3,4,2,3,12,3,2,5,3,3,2,3,4,1,2,1,19,2.946,3.482,2.124,2.506,11.058,3.421,2.616,6.036,3.165,3.221,2.721,2.888,3.606,1,2.604,1,20.206
3,1,1,1,6,1,1,2,3,3,2,1,3,1,1,1,15,2.946,1,1,1,5.946,1,1,2,3.165,3.221,2.721,1,2.493,1,1,1,15.601
3,3,1,3,10,3,2,5,3,3,2,3,4,1,1,2,19,2.946,2.622,1,2.506,9.074,3.421,2.616,6.036,3.165,3.221,2.721,2.888,3.606,1,1,2.616,20.217
3,4,1,1,9,2,1,3,2,2,1,3,3,3,1,1,16,2.946,3.482,1,1,8.428,2.21,1,3.21,2.011,1.991,1,2.888,2.493,2.678,1,1,15.062
3,2,1,1,7,2,2,4,3,3,2,1,4,1,2,1,17,2.946,2.006,1,1,6.953,2.21,2.616,4.826,3.165,3.221,2.721,1,3.606,1,2.604,1,18.318
3,4,1,1,9,2,2,4,3,3,2,1,3,1,1,1,15,2.946,3.482,1,1,8.428,2.21,2.616,4.826,3.165,3.221,2.721,1,2.493,1,1,1,15.601
1,2,1,1,5,2,1,3,2,2,2,2,4,2,2,1,17,1,2.006,1,1,5.006,2.21,1,3.21,2.011,1.991,2.721,2.099,3.606,2.031,2.604,1,18.064
3,3,3,3,12,2,2,4,3,3,2,3,3,3,1,2,20,2.946,2.622,2.819,2.506,10.892,2.21,2.616,4.826,3.165,3.221,2.721,2.888,2.493,2.678,1,2.616,20.782
3,3,1,1,8,2,2,4,1,1,2,1,3,1,1,1,11,2.946,2.622,1,1,7.568,2.21,2.616,4.826,1,1,2.721,1,2.493,1,1,1,11.215
2,2,2,1,7,1,2,3,3,3,2,1,1,1,1,2,14,1.871,2.006,2.124,1,7.002,1,2.616,3.616,3.165,3.221,2.721,1,1,1,1,2.616,15.723
3,3,1,1,8,2,2,4,3,3,2,1,3,1,1,1,15,2.946,2.622,1,1,7.568,2.21,2.616,4.826,3.165,3.221,2.721,1,2.493,1,1,1,15.601
3,2,3,1,9,2,2,4,3,2,2,1,3,3,2,1,17,2.946,2.006,2.819,1,8.771,2.21,2.616,4.826,3.165,1.991,2.721,1,2.493,2.678,2.604,1,17.654
1,1,1,1,4,1,1,2,1,1,1,3,3,1,1,2,13,1,1,1,1,4,1,1,2,1,1,1,2.888,2.493,1,1,2.616,12.997
1,1,1,1,4,1,2,3,3,3,2,3,4,3,2,2,22,1,1,1,1,4,1,2.616,3.616,3.165,3.221,2.721,2.888,3.606,2.678,2.604,2.616,23.499
3,4,1,1,9,2,2,4,3,3,2,1,3,3,1,1,17,2.946,3.482,1,1,8.428,2.21,2.616,4.826,3.165,3.221,2.721,1,2.493,2.678,1,1,17.279
3,3,3,3,12,2,2,4,3,3,2,1,4,1,1,1,16,2.946,2.622,2.819,2.506,10.892,2.21,2.616,4.826,3.165,3.221,2.721,1,3.606,1,1,1,16.714
3,3,2,1,9,1,1,2,1,1,2,1,3,2,1,1,12,2.946,2.622,2.124,1,8.692,1,1,2,1,1,2.721,1,2.493,2.031,1,1,12.245
1,1,1,1,4,2,1,3,3,1,2,1,3,1,2,2,15,1,1,1,1,4,2.21,1,3.21,3.165,1,2.721,1,2.493,1,2.604,2.616,16.6
2,2,1,1,6,1,2,3,3,3,2,3,4,3,2,1,21,1.871,2.006,1,1,5.877,1,2.616,3.616,3.165,3.221,2.721,2.888,3.606,2.678,2.604,1,21.884
3,4,3,3,13,2,2,4,2,3,2,1,3,1,2,2,16,2.946,3.482,2.819,2.506,11.752,2.21,2.616,4.826,2.011,3.221,2.721,1,2.493,1,2.604,2.616,17.667
3,4,4,3,14,2,2,4,2,3,2,1,1,1,1,2,13,2.946,3.482,3.688,2.506,12.622,2.21,2.616,4.826,2.011,3.221,2.721,1,1,1,1,2.616,14.569
3,3,2,3,11,3,2,5,3,3,2,3,4,3,1,2,21,2.946,2.622,2.124,2.506,10.198,3.421,2.616,6.036,3.165,3.221,2.721,2.888,3.606,2.678,1,2.616,21.895
1,2,1,3,7,2,2,4,2,3,2,3,3,1,2,1,17,1,2.006,1,2.506,6.512,2.21,2.616,4.826,2.011,3.221,2.721,2.888,2.493,1,2.604,1,17.939
3,1,1,1,6,3,2,5,1,3,1,1,3,3,1,1,14,2.946,1,1,1,5.946,3.421,2.616,6.036,1,3.221,1,1,2.493,2.678,1,1,13.393
1,2,1,1,5,2,1,3,3,3,2,1,2,2,2,1,16,1,2.006,1,1,5.006,2.21,1,3.21,3.165,3.221,2.721,1,1.801,2.031,2.604,1,17.544
3,4,3,3,13,2,2,4,3,3,2,1,3,1,2,1,16,2.946,3.482,2.819,2.506,11.752,2.21,2.616,4.826,3.165,3.221,2.721,1,2.493,1,2.604,1,17.205
3,4,3,3,13,2,2,4,2,2,2,1,3,1,2,1,14,2.946,3.482,2.819,2.506,11.752,2.21,2.616,4.826,2.011,1.991,2.721,1,2.493,1,2.604,1,14.822
3,4,4,3,14,3,2,5,1,3,2,1,1,1,2,2,13,2.946,3.482,3.688,2.506,12.622,3.421,2.616,6.036,1,3.221,2.721,1,1,1,2.604,2.616,15.162
1,2,1,3,7,3,2,5,2,1,2,1,1,1,2,1,11,1,2.006,1,2.506,6.512,3.421,2.616,6.036,2.011,1,2.721,1,1,1,2.604,1,12.337
2,2,2,1,7,2,1,3,1,2,2,1,1,1,1,1,10,1.871,2.006,2.124,1,7.002,2.21,1,3.21,1,1.991,2.721,1,1,1,1,1,10.713
1,1,1,1,4,1,1,2,1,1,1,1,1,1,2,2,10,1,1,1,1,4,1,1,2,1,1,1,1,1,1,2.604,2.616,11.22
3,2,1,3,9,3,2,5,2,2,2,1,2,1,2,1,13,2.946,2.006,1,2.506,8.459,3.421,2.616,6.036,2.011,1.991,2.721,1,1.801,1,2.604,1,14.13
1,3,2,1,7,2,2,4,3,1,2,1,2,2,2,2,15,1,2.622,2.124,1,6.746,2.21,2.616,4.826,3.165,1,2.721,1,1.801,2.031,2.604,2.616,16.938
2,2,3,3,10,2,2,4,1,1,1,1,1,1,2,1,9,1.871,2.006,2.819,2.506,9.202,2.21,2.616,4.826,1,1,1,1,1,1,2.604,1,9.604
1,2,4,3,10,3,2,5,2,2,1,2,2,2,1,1,13,1,2.006,3.688,2.506,9.201,3.421,2.616,6.036,2.011,1.991,1,2.099,1.801,2.031,1,1,12.933
1,1,2,1,5,1,1,2,3,3,2,3,4,3,2,2,22,1,1,2.124,1,5.124,1,1,2,3.165,3.221,2.721,2.888,3.606,2.678,2.604,2.616,23.499
3,1,1,1,6,1,1,2,3,3,2,2,2,3,2,2,19,2.946,1,1,1,5.946,1,1,2,3.165,3.221,2.721,2.099,1.801,2.678,2.604,2.616,20.906
3,1,3,1,8,3,2,5,1,1,1,1,2,1,1,1,9,2.946,1,2.819,1,7.765,3.421,2.616,6.036,1,1,1,1,1.801,1,1,1,8.801
1,1,2,1,5,1,1,2,2,3,2,1,4,3,2,2,19,1,1,2.124,1,5.124,1,1,2,2.011,3.221,2.721,1,3.606,2.678,2.604,2.616,20.458
3,1,1,3,8,3,2,5,3,3,2,3,1,1,1,1,15,2.946,1,1,2.506,7.452,3.421,2.616,6.036,3.165,3.221,2.721,2.888,1,1,1,1,15.995
1,1,4,1,7,1,1,2,3,3,2,3,4,3,2,2,22,1,1,3.688,1,6.688,1,1,2,3.165,3.221,2.721,2.888,3.606,2.678,2.604,2.616,23.499
3,4,4,4,15,2,2,4,2,2,1,2,2,2,1,1,13,2.946,3.482,3.688,3.777,13.893,2.21,2.616,4.826,2.011,1.991,1,2.099,1.801,2.031,1,1,12.933
3,4,3,4,14,3,2,5,1,2,1,1,2,1,1,1,10,2.946,3.482,2.819,3.777,13.023,3.421,2.616,6.036,1,1.991,1,1,1.801,1,1,1,9.793
1,4,2,3,10,1,1,2,2,3,1,3,2,3,2,1,17,1,3.482,2.124,2.506,9.112,1,1,2,2.011,3.221,1,2.888,1.801,2.678,2.604,1,17.204
3,2,2,1,8,2,2,4,3,3,2,3,4,3,2,2,22,2.946,2.006,2.124,1,8.077,2.21,2.616,4.826,3.165,3.221,2.721,2.888,3.606,2.678,2.604,2.616,23.499
3,4,3,3,13,3,1,4,1,2,2,2,3,2,2,2,16,2.946,3.482,2.819,2.506,11.752,3.421,1,4.421,1,1.991,2.721,2.099,2.493,2.031,2.604,2.616,17.556
2,3,3,3,11,1,1,2,3,1,1,3,1,1,2,2,14,1.871,2.622,2.819,2.506,9.817,1,1,2,3.165,1,1,2.888,1,1,2.604,2.616,15.273
2,4,1,1,8,3,2,5,1,2,1,1,1,4,1,2,13,1.871,3.482,1,1,7.352,3.421,2.616,6.036,1,1.991,1,1,1,3.835,1,2.616,13.442
2,3,2,2,9,3,1,4,1,1,1,3,4,1,1,1,13,1.871,2.622,2.124,1.885,8.502,3.421,1,4.421,1,1,1,2.888,3.606,1,1,1,12.494
1,1,3,1,6,1,1,2,3,1,1,1,1,1,1,1,10,1,1,2.819,1,5.819,1,1,2,3.165,1,1,1,1,1,1,1,10.165
2,4,2,3,11,2,1,3,1,3,2,1,1,4,1,2,15,1.871,3.482,2.124,2.506,9.983,2.21,1,3.21,1,3.221,2.721,1,1,3.835,1,2.616,16.393
2,2,2,1,7,1,1,2,2,2,2,2,3,2,1,1,15,1.871,2.006,2.124,1,7.002,1,1,2,2.011,1.991,2.721,2.099,2.493,2.031,1,1,15.347
2,3,2,2,9,3,1,4,3,3,2,1,3,4,1,1,18,1.871,2.622,2.124,1.885,8.502,3.421,1,4.421,3.165,3.221,2.721,1,2.493,3.835,1,1,18.436
2,2,2,2,8,3,1,4,3,3,2,3,4,3,2,2,22,1.871,2.006,2.124,1.885,7.886,3.421,1,4.421,3.165,3.221,2.721,2.888,3.606,2.678,2.604,2.616,23.499
2,3,2,3,10,1,1,2,1,1,1,1,1,1,1,1,8,1.871,2.622,2.124,2.506,9.123,1,1,2,1,1,1,1,1,1,1,1,8
2,1,1,3,7,2,1,3,3,3,2,3,2,1,2,1,17,1.871,1,1,2.506,6.377,2.21,1,3.21,3.165,3.221,2.721,2.888,1.801,1,2.604,1,18.401
1,1,1,1,4,3,2,5,2,2,2,1,1,1,2,2,13,1,1,1,1,4,3.421,2.616,6.036,2.011,1.991,2.721,1,1,1,2.604,2.616,14.944
1,1,2,3,7,3,2,5,2,2,2,1,1,1,2,2,13,1,1,2.124,2.506,6.63,3.421,2.616,6.036,2.011,1.991,2.721,1,1,1,2.604,2.616,14.944
1,1,1,1,4,1,1,2,2,2,1,2,2,2,1,1,13,1,1,1,1,4,1,1,2,2.011,1.991,1,2.099,1.801,2.031,1,1,12.933
2,1,5,1,9,1,1,2,3,3,2,2,4,3,2,2,21,1.871,1,5,1,8.871,1,1,2,3.165,3.221,2.721,2.099,3.606,2.678,2.604,2.616,22.711
1,2,1,1,5,2,2,4,2,2,1,1,3,3,2,1,15,1,2.006,1,1,5.006,2.21,2.616,4.826,2.011,1.991,1,1,2.493,2.678,2.604,1,14.778
3,2,1,1,7,3,2,5,3,3,2,1,1,1,2,1,14,2.946,2.006,1,1,6.953,3.421,2.616,6.036,3.165,3.221,2.721,1,1,1,2.604,1,15.712
1,1,2,1,5,2,2,4,3,2,2,1,3,1,2,1,15,1,1,2.124,1,5.124,2.21,2.616,4.826,3.165,1.991,2.721,1,2.493,1,2.604,1,15.976
3,2,1,1,7,2,1,3,2,3,2,1,3,3,1,1,16,2.946,2.006,1,1,6.953,2.21,1,3.21,2.011,3.221,2.721,1,2.493,2.678,1,1,16.125
3,2,1,4,10,1,2,3,1,3,2,1,4,1,2,1,15,2.946,2.006,1,3.777,9.73,1,2.616,3.616,1,3.221,2.721,1,3.606,1,2.604,1,16.153
3,2,4,3,12,2,2,4,2,3,2,1,3,1,1,1,14,2.946,2.006,3.688,2.506,11.147,2.21,2.616,4.826,2.011,3.221,2.721,1,2.493,1,1,1,14.447
3,2,1,4,10,2,1,3,2,2,2,1,3,3,1,1,15,2.946,2.006,1,3.777,9.73,2.21,1,3.21,2.011,1.991,2.721,1,2.493,2.678,1,1,14.895
3,2,2,1,8,3,2,5,1,2,2,1,3,1,2,1,13,2.946,2.006,2.124,1,8.077,3.421,2.616,6.036,1,1.991,2.721,1,2.493,1,2.604,1,13.811
1,1,1,3,6,2,2,4,2,3,2,2,3,1,2,1,16,1,1,1,2.506,5.506,2.21,2.616,4.826,2.011,3.221,2.721,2.099,2.493,1,2.604,1,17.15
3,1,3,1,8,1,2,3,2,3,2,1,3,1,2,2,16,2.946,1,2.819,1,7.765,1,2.616,3.616,2.011,3.221,2.721,1,2.493,1,2.604,2.616,17.667
3,3,1,1,8,1,2,3,3,2,2,2,3,1,2,2,17,2.946,2.622,1,1,7.568,1,2.616,3.616,3.165,1.991,2.721,2.099,2.493,1,2.604,2.616,18.69